{"cameraMode":{"drawMode":0,"name":"Shaded","section":"Shading Mode"},"sceneLighting":true,"audioPlay":false,"sceneViewState":{"showFog":true,"showMaterialUpdate":false,"showSkybox":true,"showFlares":true,"showImageEffects":true,"showParticleSystems":true},"in2DMode":false,"pivot":{"x":8.083541870117188,"y":0.0,"z":-3.2386837005615236},"rotation":{"x":0.07044453173875809,"y":-0.9270700216293335,"z":0.2931983768939972,"w":0.22274088859558106},"size":6.900920391082764,"orthographic":false}