{"cameraMode":{"drawMode":0,"name":"Shaded","section":"Shading Mode"},"sceneLighting":true,"audioPlay":false,"sceneViewState":{"showFog":true,"showMaterialUpdate":false,"showSkybox":true,"showFlares":true,"showImageEffects":true,"showParticleSystems":true},"in2DMode":false,"pivot":{"x":44.19071960449219,"y":21.296443939208986,"z":-55.71903991699219},"rotation":{"x":-0.07267297059297562,"y":0.9149084687232971,"z":-0.19100183248519898,"w":-0.34810853004455569},"size":106.52440643310547,"orthographic":false}