{"cameraMode":{"drawMode":0,"name":"Shaded","section":"Shading Mode"},"sceneLighting":true,"audioPlay":false,"sceneViewState":{"showFog":true,"showMaterialUpdate":false,"showSkybox":true,"showFlares":true,"showImageEffects":true,"showParticleSystems":true},"in2DMode":false,"pivot":{"x":11.59000015258789,"y":2.0799999237060549,"z":-32.970001220703128},"rotation":{"x":0.030939972028136255,"y":-0.9544726610183716,"z":0.27685123682022097,"w":0.1066673994064331},"size":98.67440032958985,"orthographic":false}