{"cameraMode":{"drawMode":0,"name":"Shaded","section":"Shading Mode"},"sceneLighting":true,"audioPlay":false,"sceneViewState":{"showFog":true,"showMaterialUpdate":false,"showSkybox":true,"showFlares":true,"showImageEffects":true,"showParticleSystems":true},"in2DMode":false,"pivot":{"x":158.03627014160157,"y":75.92160034179688,"z":-6.621612548828125},"rotation":{"x":-0.2952728867530823,"y":-0.19341422617435456,"z":0.06116942688822746,"w":-0.9336290955543518},"size":414.4476623535156,"orthographic":false}