{"cameraMode":{"drawMode":0,"name":"Shaded","section":"Shading Mode"},"sceneLighting":true,"audioPlay":false,"sceneViewState":{"showFog":true,"showMaterialUpdate":false,"showSkybox":true,"showFlares":true,"showImageEffects":true,"showParticleSystems":true},"in2DMode":false,"pivot":{"x":9.989999771118164,"y":0.0,"z":-0.9300000071525574},"rotation":{"x":-0.08592861890792847,"y":0.9129483103752136,"z":-0.25739991664886477,"w":-0.30477359890937807},"size":13.825973510742188,"orthographic":false}