{"cameraMode":{"drawMode":0,"name":"Shaded","section":"Shading Mode"},"sceneLighting":true,"audioPlay":false,"sceneViewState":{"showFog":true,"showMaterialUpdate":false,"showSkybox":true,"showFlares":true,"showImageEffects":true,"showParticleSystems":true},"in2DMode":false,"pivot":{"x":3.396367073059082,"y":-2.546078681945801,"z":-6.938172340393066},"rotation":{"x":0.05356082320213318,"y":-0.946437656879425,"z":0.22440911829471589,"w":0.2258927822113037},"size":13.43163013458252,"orthographic":false}